{
    "status": "healthy",
    "service": "Certificate Web Service",
    "version": "v1.0.3",
    "timestamp": "2025-09-16T20:35:00Z",
    "server": "PowerShell 5.1 Compatible",
    "endpoints": {
        "certificates": "available",
        "summary": "available", 
        "health": "available"
    },
    "performance": {
        "avg_response_time": "0.1-0.3s",
        "vs_direct_ssl": "10x faster",
        "cache_enabled": true
    },
    "compatibility": {
        "powershell_5_1": true,
        "powershell_7_plus": true,
        "windows_server": true,
        "iis_integration": true
    }
}